group, a1, a2, a3, energy_above_hull
split_no_alloy, -0.5443702372939452, -0.5443702372939452, -0.5443702372939452, 0.771197602295616
split_no_alloy, 0.0, 0.0, 0.0, 0.0
split_no_alloy, 0.5443702372939461, 0.5443702372939461, 0.5443702372939461, 0.1914748436993765
random_post_expansion, -0.5443702372939452, -0.5443702372939452, -0.5443702372939452, 0.7718284594004929
random_post_expansion, 0.0, 0.0, 0.0, 0.0
random_post_expansion, 0.5443702372939461, 0.5443702372939461, 0.5443702372939461, 0.19119618988663056
