multiplier_x,multiplier_y,multiplier_z,energy_per_atom,formation_energy
generated-1-1-1-1,1,1,-5.273659918825027, -0.009705738096849714
generated-1-1-2-2,1,1,-5.273659918825024, -0.00970573809684705
generated-1-1-3-3,1,1,-5.273659918825036, -0.0097057380968582
