multiplier_x,multiplier_y,multiplier_z,energies
1,1,1,0.00556570185994937
2,1,1,0.009033500629976111
3,1,1,0.010197849676887366
